{
  "tag": "smoke",
  "grounder": "CLIP-OLD / GDINO-crop-ALD / GDINO-geom-RLD",
  "pope": {
    "layer": "OLD",
    "n": 150,
    "pos_rate": 0.5,
    "auc": 0.6994666666666667,
    "ap": 0.7805387932296779,
    "best_f1": 0.6923,
    "best_thr": 0.11053466796875
  },
  "amber_attr": {
    "layer": "ALD",
    "n": 36,
    "pos_rate": 0.5,
    "auc": 0.8657407407407408,
    "ap": 0.8338543593103426,
    "best_f1": 0.878,
    "best_thr": -0.006518554687499998
  },
  "amber_rel": {
    "layer": "RLD",
    "n": 50,
    "pos_rate": 0.56,
    "auc": 0.7662337662337663,
    "ap": 0.7694339897224013,
    "best_f1": 0.7941,
    "best_thr": 0.23967796430552857
  },
  "vg_rel": {
    "layer": "RLD",
    "n": 50,
    "pos_rate": 0.5,
    "auc": 0.6392,
    "ap": 0.5919065727077978,
    "best_f1": 0.6944,
    "best_thr": -0.21227706793149315
  }
}