{
  "tag": "full",
  "grounder": "CLIP-OLD / GDINO-crop-ALD / GDINO-geom-RLD",
  "pope": {
    "layer": "OLD",
    "n": 9000,
    "pos_rate": 0.5,
    "auc": 0.8035013333333334,
    "ap": 0.8207406908091418,
    "best_f1": 0.7363,
    "best_thr": 0.134765625
  },
  "amber_attr": {
    "layer": "ALD",
    "n": 4764,
    "pos_rate": 0.5,
    "auc": 0.7292115650473991,
    "ap": 0.7058346770653181,
    "best_f1": 0.7163,
    "best_thr": -0.0125732421875
  },
  "amber_rel": {
    "layer": "RLD",
    "n": 1664,
    "pos_rate": 0.5859375,
    "auc": 0.7059982881173013,
    "ap": 0.7261630666022509,
    "best_f1": 0.7944,
    "best_thr": 0.0601863660748963
  },
  "vg_rel": {
    "layer": "RLD",
    "n": 2000,
    "pos_rate": 0.5,
    "auc": 0.621644,
    "ap": 0.577028834052723,
    "best_f1": 0.6776,
    "best_thr": -0.12330153706868488
  }
}