{
  "object": {
    "n": 4594,
    "pos_rate": 0.5,
    "auc": 0.8284152504193826,
    "ap": 0.8540464358722658,
    "best_f1": 0.7489,
    "best_thr": 0.1510009765625
  },
  "attribute": {
    "n": 555,
    "pos_rate": 0.5009009009009009,
    "auc": 0.684777809521336,
    "ap": 0.6600967977106021,
    "best_f1": 0.689,
    "best_thr": -0.009765625
  },
  "relation": {
    "n": 634,
    "pos_rate": 0.5,
    "auc": 0.650956821144603,
    "ap": 0.5905131003545985,
    "best_f1": 0.6949,
    "best_thr": -0.1329027587890625
  }
}