{
  "backbone": "qwenvl",
  "n": 2000,
  "lam": 0.6000000000000001,
  "acc_vanilla": 0.851,
  "f1_vanilla": 0.8331466965285554,
  "yr_vanilla": 0.401,
  "acc_fused": 0.865,
  "f1_fused": 0.8488241881298992,
  "yr_fused": 0.401,
  "d_acc": 0.014000000000000012,
  "d_f1": 0.015677491601343796,
  "auc_pyes": 0.9432574739133217,
  "auc_clip": 0.8143824819153703,
  "auc_fused": 0.9444057678765764
}