{
  "backbone": "llava15",
  "n": 2000,
  "lam": 0.7000000000000001,
  "acc_vanilla": 0.87,
  "f1_vanilla": 0.8648648648648649,
  "yr_vanilla": 0.47,
  "acc_fused": 0.883,
  "f1_fused": 0.8785046728971962,
  "yr_fused": 0.471,
  "d_acc": 0.013000000000000012,
  "d_f1": 0.013639808032331335,
  "auc_pyes": 0.9361376512387171,
  "auc_clip": 0.8143824819153703,
  "auc_fused": 0.946066192945394
}