{
  "backbone": "llava16",
  "n": 2000,
  "lam": 0.6000000000000001,
  "acc_vanilla": 0.879,
  "f1_vanilla": 0.8683351468988031,
  "yr_vanilla": 0.427,
  "acc_fused": 0.879,
  "f1_fused": 0.8683351468988031,
  "yr_fused": 0.427,
  "d_acc": 0.0,
  "d_f1": 0.0,
  "auc_pyes": 0.9509014307662761,
  "auc_clip": 0.8143824819153703,
  "auc_fused": 0.9561367710133795
}