{
  "backbone": "instructblip",
  "n": 2000,
  "lam": 0.9,
  "acc_vanilla": 0.846,
  "f1_vanilla": 0.8405797101449275,
  "yr_vanilla": 0.474,
  "acc_fused": 0.866,
  "f1_fused": 0.8612836438923396,
  "yr_fused": 0.474,
  "d_acc": 0.020000000000000018,
  "d_f1": 0.020703933747412084,
  "auc_pyes": 0.9315964887011075,
  "auc_clip": 0.8143824819153703,
  "auc_fused": 0.9340551181102362
}